{
  "info": {"name":"PortPulse P1","schema":"https://schema.getpostman.com/json/collection/v2.1.0/collection.json"},
  "variable":[{"key":"base","value":"https://api.useportpulse.com"}],
  "item":[
    {"name":"sources","request":{"method":"GET","header":[],"url":"{{base}}/v1/sources"}},
    {"name":"trend (USLAX json)","request":{"method":"GET","url":"{{base}}/v1/ports/USLAX/trend?days=30"}},
    {"name":"trend (USLAX csv)","request":{"method":"GET","header":[{"key":"Accept","value":"text/csv"}],"url":"{{base}}/v1/ports/USLAX/trend?days=30&format=csv"}},
    {"name":"dwell (USLAX)","request":{"method":"GET","url":"{{base}}/v1/ports/USLAX/dwell?days=30"}},
    {"name":"snapshot (USLAX)","request":{"method":"GET","url":"{{base}}/v1/ports/USLAX/snapshot"}},
    {"name":"alerts (USLAX)","request":{"method":"GET","url":"{{base}}/v1/ports/USLAX/alerts?window=14"}}
  ]
}
